{
  "timestamp": "2026-06-27T19:01:55.622185+00:00",
  "scenarios": [
    {
      "concurrency": 1,
      "prompt_length": 1,
      "total_requests": 1,
      "successful_requests": 1,
      "failed_requests": 0,
      "e2e_mean": 0.9744841670035385,
      "e2e_p50": 0.9744841670035385,
      "e2e_p95": 0.9744841670035385,
      "e2e_p99": 0.9744841670035385,
      "e2e_max": 0.9744841670035385,
      "ttft_mean": 0.04211391700664535,
      "ttft_p50": 0.04211391700664535,
      "ttft_p95": 0.04211391700664535,
      "ttft_p99": 0.04211391700664535,
      "throughput_rps": 0.993813757793997,
      "throughput_tps": 254.41632199526325,
      "itl_mean": 0.009708658416760349,
      "itl_p50": 0.009696666500531137,
      "itl_p95": 0.009953447748557664,
      "wall_clock_seconds": 1.0062247500172816
    }
  ]
}