concurrency,prompt_length,total_requests,successful_requests,failed_requests,wall_clock_seconds,throughput_rps,throughput_tps,ttft_mean,ttft_p50,ttft_p95,ttft_p99,e2e_mean,e2e_p50,e2e_p95,e2e_p99,e2e_max,itl_mean,itl_p50,itl_p95
1,1,1,1,0,1.0062247500172816,0.993813757793997,254.41632199526325,0.04211391700664535,0.04211391700664535,0.04211391700664535,0.04211391700664535,0.9744841670035385,0.9744841670035385,0.9744841670035385,0.9744841670035385,0.9744841670035385,0.009708658416760349,0.009696666500531137,0.009953447748557664
